Plate no.,Well,BARCODE_ID,BARCODE,ID
1A,A1,index_8nt_2,aacgccaa,FRALAT_OR_FLO_6
1A,A2,index_10nt_2,ccagaaccaa,FRALAT_OR_FLO_14
1A,A3,index_8nt_3,cggtccaa,FRALAT_OR_AVL_2
1A,A4,index_9nt_3,aggtaccaa,FRALAT_OR_AVL_10
1A,A5,index_10nt_3,aggtaaccaa,FRALAT_OR_SIU_4
1A,A6,index_8nt_4,ctcagcaa,FRALAT_OR_SIU_12
1A,A7,index_9nt_4,tgaagccaa,FRALAT_OR_SIU_20
1A,A8,index_8nt_5,agacgcaa,FRALAT_OR_WPD_8
1A,A9,index_9nt_5,aaccgccaa,FRALAT_OR_WPD_16
1A,A10,index_10nt_5,tcgcgaccaa,FRALAT_OR_CBP_4
1A,A11,index_8nt_6,tctggcaa,FRALAT_OR_CBP_12
1A,A12,index_9nt_6,gttggccaa,FRALAT_OR_CBP_20
1A,B1,index_10nt_6,atcggaccaa,FRALAT_OR_FLO_7
1A,B2,index_8nt_7,tagatcaa,FRALAT_OR_FLO_15
1A,B3,index_9nt_7,ctgatccaa,FRALAT_OR_AVL_3
1A,B4,index_10nt_7,cattgaccaa,FRALAT_OR_AVL_11
1A,B5,index_8nt_8,gttctcaa,FRALAT_OR_SIU_5
1A,B6,index_9nt_8,tctctccaa,FRALAT_OR_SIU_13
1A,B7,index_10nt_8,ctgataccaa,FRALAT_OR_WPD_1
1A,B8,index_9nt_9,aataagcaa,FRALAT_OR_WPD_9
1A,B9,index_10nt_9,accaagccaa,FRALAT_OR_WPD_17
1A,B10,index_8nt_10,cagcagaa,FRALAT_OR_CBP_5
1A,B11,index_9nt_10,cgccagcaa,FRALAT_OR_CBP_13
1A,B12,index_10nt_10,cgtcagccaa,FRALAT_OR_SSO_1
1A,C1,index_8nt_11,tgagagaa,FRALAT_OR_FLO_8
1A,C2,index_9nt_11,tcggagcaa,FRALAT_OR_FLO_16
1A,C3,index_10nt_11,taggagccaa,FRALAT_OR_AVL_4
1A,C4,index_8nt_12,gtctcgaa,FRALAT_OR_AVL_12
1A,C5,index_9nt_12,gtatagcaa,FRALAT_OR_SIU_6
1A,C6,index_10nt_12,gtatagccaa,FRALAT_OR_SIU_14
1A,C7,index_8nt_13,ggtaggaa,FRALAT_OR_WPD_2
1A,C8,index_9nt_13,ccaacgcaa,FRALAT_OR_WPD_10
1A,C9,index_10nt_13,gatacgccaa,FRALAT_OR_WPD_18
1A,C10,index_8nt_14,ccatggaa,FRALAT_OR_CBP_6
1A,C11,index_9nt_14,gagccgcaa,FRALAT_OR_CBP_14
1A,C12,index_10nt_16,tcttatccaa,FRALAT_OR_SSO_2
1A,D1,index_8nt_15,ggccataa,FRALAT_OR_FLO_9
1A,D2,index_9nt_15,atcgcgcaa,FRALAT_OR_FLO_17
1A,D3,index_10nt_17,ttaactccaa,FRALAT_OR_AVL_5
1A,D4,index_8nt_16,atggataa,FRALAT_OR_AVL_13
1A,D5,index_9nt_16,tacttgcaa,FRALAT_OR_SIU_7
1A,D6,index_10nt_18,gccgctccaa,FRALAT_OR_SIU_15
1A,D7,index_8nt_17,catactaa,FRALAT_OR_WPD_3
1A,D8,index_9nt_17,ccttatcaa,FRALAT_OR_WPD_11
1A,D9,index_10nt_23,tgcgaagcaa,FRALAT_OR_WPD_19
1A,D10,index_8nt_18,ttacctaa,FRALAT_OR_CBP_7
1A,D11,index_9nt_18,ggtactcaa,FRALAT_OR_CBP_15
1A,D12,index_10nt_24,taaccagcaa,FRALAT_OR_SSO_3
1A,E1,index_8nt_19,gaaggtaa,FRALAT_OR_FLO_10
1A,E2,index_9nt_19,ttacctcaa,FRALAT_OR_FLO_18
1A,E3,index_10nt_25,cttgcagcaa,FRALAT_OR_AVL_6
1A,E4,index_9nt_20,acgagtcaa,FRALAT_OR_AVL_14
1A,E5,index_10nt_31,agaaccgcaa,FRALAT_OR_SIU_8
1A,E6,index_8nt_21,gtcgacca,FRALAT_OR_SIU_16
1A,E7,index_9nt_21,gcagttcaa,FRALAT_OR_WPD_4
1A,E8,index_10nt_37,agcctggcaa,FRALAT_OR_WPD_12
1A,E9,index_8nt_22,aattacca,FRALAT_OR_WPD_20
1A,E10,index_10nt_38,ggtaatgcaa,FRALAT_OR_CBP_8
1A,E11,index_8nt_23,ataatcca,FRALAT_OR_CBP_16
1A,E12,index_9nt_23,tgagaagaa,FRALAT_OR_SSO_4
1A,F1,index_10nt_41,ggtccatcaa,FRALAT_OR_FLO_11
1A,F2,index_8nt_24,cgcctcca,FRALAT_OR_FLO_19
1A,F3,index_9nt_24,aggccagaa,FRALAT_OR_AVL_7
1A,F4,index_10nt_43,tccatatcaa,FRALAT_OR_SIU_1
1A,F5,index_8nt_25,cgaacgca,FRALAT_OR_SIU_9
1A,F6,index_9nt_25,catgcagaa,FRALAT_OR_SIU_17
1A,F7,index_10nt_47,ttacgctcaa,FRALAT_OR_WPD_5
1A,F8,index_8nt_26,acgccgca,FRALAT_OR_WPD_13
1A,F9,index_9nt_26,gcatcagaa,FRALAT_OR_CBP_1
1A,F10,index_8nt_27,gatgcgca,FRALAT_OR_CBP_9
1A,F11,index_9nt_27,ataagagaa,FRALAT_OR_CBP_17
1A,F12,index_10nt_56,gacgcaagaa,FRALAT_OR_SSO_5
1A,G1,index_8nt_28,gtacggca,FRALAT_OR_FLO_12
1A,G2,index_9nt_28,cgctgagaa,FRALAT_OR_FLO_20
1A,G3,index_10nt_57,ccgtcaagaa,FRALAT_OR_AVL_8
1A,G4,index_8nt_29,cttcatca,FRALAT_OR_SIU_2
1A,G5,index_9nt_29,tccatagaa,FRALAT_OR_SIU_10
1A,G6,index_10nt_58,tcaagaagaa,FRALAT_OR_SIU_18
1A,G7,index_8nt_30,gcatatca,FRALAT_OR_WPD_6
1A,G8,index_9nt_30,tagaacgaa,FRALAT_OR_WPD_14
1A,G9,index_10nt_59,ctccgaagaa,FRALAT_OR_CBP_2
1A,G10,index_8nt_31,tccgctca,FRALAT_OR_CBP_10
1A,G11,index_9nt_31,actgacgaa,FRALAT_OR_CBP_18
1A,G12,index_10nt_60,ggttgaagaa,FRALAT_OR_SSO_6
1A,H1,index_8nt_32,agcagtca,FRALAT_OR_FLO_13
1A,H2,index_9nt_32,ggcgccgaa,FRALAT_OR_AVL_1
1A,H3,index_10nt_62,ttggtaagaa,FRALAT_OR_AVL_9
1A,H4,index_8nt_33,gagcttca,FRALAT_OR_SIU_3
1A,H5,index_9nt_33,ccgcgcgaa,FRALAT_OR_SIU_11
1A,H6,index_10nt_63,tggaccagaa,FRALAT_OR_SIU_19
1A,H7,index_8nt_34,gcgcaaga,FRALAT_OR_WPD_7
1A,H8,index_9nt_34,ttattcgaa,FRALAT_OR_WPD_15
1A,H9,index_10nt_104,tcctcttgaa,FRALAT_OR_CBP_3
1A,H10,index_9nt_35,ggaatggaa,FRALAT_OR_CBP_11
1A,H11,index_10nt_114,tctcgcataa,FRALAT_OR_CBP_19
1A,H12,index_8nt_36,agctaaga,FRALAT_OR_SSO_7
2A,A1,index_9nt_36,attctggaa,FRALAT_OR_SSO_8
2A,A2,index_10nt_130,aagttgctaa,FRALAT_OR_SSO_16
2A,A3,index_8nt_37,aatccaga,FRALAT_OR_SIW_4
2A,A4,index_9nt_37,agcaatgaa,FRALAT_OR_SIW_12
2A,A5,index_10nt_138,atagtcgtaa,FRALAT_OR_SIW_20
2A,A6,index_8nt_38,cctagaga,FRALAT_OR_RWB_8
2A,A7,index_9nt_38,ctggatgaa,FRALAT_OR_RWB_16
2A,A8,index_10nt_143,tgcaacttaa,FRALAT_OR_SAN_4
2A,A9,index_8nt_39,ggaataga,FRALAT_OR_SAN_12
2A,A10,index_9nt_39,caacttgaa,FRALAT_OR_MOL_6
2A,A11,index_10nt_148,aagccaacca,FRALAT_OR_MOL_14
2A,A12,index_8nt_40,ttcgtaga,FRALAT_OR_FIN_2
2A,B1,index_9nt_40,cttcaataa,FRALAT_OR_SSO_9
2A,B2,index_8nt_41,cttgccga,FRALAT_OR_SSO_17
2A,B3,index_9nt_41,aaggaataa,FRALAT_OR_SIW_5
2A,B4,index_10nt_150,cgctcaacca,FRALAT_OR_SIW_13
2A,B5,index_8nt_42,gaccgcga,FRALAT_OR_RWB_1
2A,B6,index_9nt_42,ttctcataa,FRALAT_OR_RWB_9
2A,B7,index_10nt_151,ataagaacca,FRALAT_OR_RWB_17
2A,B8,index_8nt_43,acgttcga,FRALAT_OR_SAN_5
2A,B9,index_9nt_43,gatagataa,FRALAT_OR_SAN_13
2A,B10,index_10nt_152,cctcgaacca,FRALAT_OR_MOL_7
2A,B11,index_8nt_44,tataagga,FRALAT_OR_MOL_15
2A,B12,index_9nt_44,ccaggataa,FRALAT_OR_FIN_3
2A,C1,index_10nt_153,gtcctaacca,FRALAT_OR_SSO_10
2A,C2,index_8nt_45,ctgatgga,FRALAT_OR_SSO_18
2A,C3,index_9nt_45,gcgctataa,FRALAT_OR_SIW_6
2A,C4,index_10nt_155,ctgcagacca,FRALAT_OR_SIW_14
2A,C5,index_8nt_46,tggactga,FRALAT_OR_RWB_2
2A,C6,index_9nt_46,agattataa,FRALAT_OR_RWB_10
2A,C7,index_10nt_162,cttattacca,FRALAT_OR_RWB_18
2A,C8,index_8nt_47,actgaata,FRALAT_OR_SAN_6
2A,C9,index_9nt_47,gtaacctaa,FRALAT_OR_SAN_14
2A,C10,index_10nt_164,accgttacca,FRALAT_OR_MOL_8
2A,C11,index_8nt_48,tagtaata,FRALAT_OR_MOL_16
2A,C12,index_9nt_48,cagtcctaa,FRALAT_OR_FIN_4
2A,D1,index_10nt_165,cagagagcca,FRALAT_OR_SSO_11
2A,D2,index_8nt_49,gtagcata,FRALAT_OR_SSO_19
2A,D3,index_9nt_49,acctagtaa,FRALAT_OR_SIW_7
2A,D4,index_10nt_167,cattacgcca,FRALAT_OR_SIW_15
2A,D5,index_8nt_50,atccgata,FRALAT_OR_RWB_3
2A,D6,index_9nt_50,tggacgtaa,FRALAT_OR_RWB_11
2A,D7,index_10nt_173,ctatcggcca,FRALAT_OR_RWB_19
2A,D8,index_8nt_51,gccttata,FRALAT_OR_SAN_7
2A,D9,index_9nt_51,gctgcgtaa,FRALAT_OR_MOL_1
2A,D10,index_10nt_176,tgagctgcca,FRALAT_OR_MOL_9
2A,D11,index_8nt_52,tgctgcta,FRALAT_OR_MOL_17
2A,D12,index_9nt_52,ctcaggtaa,FRALAT_OR_FIN_5
2A,E1,index_10nt_185,acctcgtcca,FRALAT_OR_SSO_12
2A,E2,index_8nt_53,ccagtcta,FRALAT_OR_SSO_20
2A,E3,index_9nt_53,taacggtaa,FRALAT_OR_SIW_8
2A,E4,index_10nt_188,cgaggaagca,FRALAT_OR_SIW_16
2A,E5,index_8nt_54,atatagta,FRALAT_OR_RWB_4
2A,E6,index_9nt_54,aatccttaa,FRALAT_OR_RWB_12
2A,E7,index_8nt_55,aagaggta,FRALAT_OR_RWB_20
2A,E8,index_10nt_191,aggcgcagca,FRALAT_OR_SAN_8
2A,E9,index_8nt_56,ttcaatta,FRALAT_OR_MOL_2
2A,E10,index_10nt_192,catctcagca,FRALAT_OR_MOL_10
2A,E11,index_8nt_57,ccgcgtta,FRALAT_OR_MOL_18
2A,E12,index_9nt_57,ggttaacca,FRALAT_OR_FIN_6
2A,F1,index_10nt_195,aattggagca,FRALAT_OR_SSO_13
2A,F2,index_8nt_58,cctccaac,FRALAT_OR_SIW_1
2A,F3,index_9nt_58,gtcagacca,FRALAT_OR_SIW_9
2A,F4,index_10nt_200,caggaacgca,FRALAT_OR_SIW_17
2A,F5,index_8nt_59,ttgcgaac,FRALAT_OR_RWB_5
2A,F6,index_9nt_59,agacgacca,FRALAT_OR_RWB_13
2A,F7,index_10nt_211,aactctcgca,FRALAT_OR_SAN_1
2A,F8,index_9nt_60,cctatacca,FRALAT_OR_SAN_9
2A,F9,index_10nt_213,aatgcaggca,FRALAT_OR_MOL_3
2A,F10,index_8nt_61,acctgaac,FRALAT_OR_MOL_11
2A,F11,index_9nt_61,cttgagcca,FRALAT_OR_MOL_19
2A,F12,index_10nt_215,ttggacggca,FRALAT_OR_FIN_7
2A,G1,index_8nt_62,aatataac,FRALAT_OR_SSO_14
2A,G2,index_9nt_62,actccgcca,FRALAT_OR_SIW_2
2A,G3,index_10nt_218,ttaattggca,FRALAT_OR_SIW_10
2A,G4,index_8nt_63,gcggtaac,FRALAT_OR_SIW_18
2A,G5,index_9nt_63,ggagcgcca,FRALAT_OR_RWB_6
2A,G6,index_10nt_221,cataattgca,FRALAT_OR_RWB_14
2A,G7,index_8nt_64,cttaagac,FRALAT_OR_SAN_2
2A,G8,index_9nt_64,cggaggcca,FRALAT_OR_SAN_10
2A,G9,index_10nt_222,agaacttgca,FRALAT_OR_MOL_4
2A,G10,index_8nt_65,gacgagac,FRALAT_OR_MOL_12
2A,G11,index_9nt_65,ataatgcca,FRALAT_OR_MOL_20
2A,G12,index_10nt_225,caattaatca,FRALAT_OR_FIN_8
2A,H1,index_8nt_66,aggacgac,FRALAT_OR_SSO_15
2A,H2,index_9nt_66,gcgttgcca,FRALAT_OR_SIW_3
2A,H3,index_10nt_227,ttatgcatca,FRALAT_OR_SIW_11
2A,H4,index_8nt_67,tattggac,FRALAT_OR_SIW_19
2A,H5,index_9nt_67,tagactcca,FRALAT_OR_RWB_7
2A,H6,index_10nt_231,tattctatca,FRALAT_OR_RWB_15
2A,H7,index_8nt_68,cgcttgac,FRALAT_OR_SAN_3
2A,H8,index_9nt_68,gatcgtcca,FRALAT_OR_SAN_11
2A,H9,index_10nt_239,gcttgcctca,FRALAT_OR_MOL_5
2A,H10,index_8nt_69,taggctac,FRALAT_OR_MOL_13
2A,H11,index_9nt_69,ctccttcca,FRALAT_OR_FIN_1
2A,H12,index_10nt_243,agcatgctca,FRALAT_OR_FIN_9
3A,A1,index_8nt_70,gtcattac,FRALAT_OR_FIN_10
3A,A2,index_10nt_244,actaatctca,FRALAT_OR_FIN_18
3A,A3,index_8nt_71,caacttac,FRALAT_OR_PEM_6
3A,A4,index_9nt_71,aactcagca,FRALAT_OR_PEM_14
3A,A5,index_10nt_249,attcgcgtca,FRALAT_OR_FRL_2
3A,A6,index_8nt_72,gatcaacc,FRALAT_OR_FRL_10
3A,A7,index_9nt_72,gaaggagca,FRALAT_OR_FRL_18
3A,A8,index_10nt_251,tccaaggtca,FRALAT_OR_DGC_6
3A,A9,index_8nt_73,gcaagacc,FRALAT_OR_DGC_14
3A,A10,index_9nt_73,atggtagca,FRALAT_OR_LCL_2
3A,A11,index_10nt_253,catatggtca,FRALAT_OR_LCL_10
3A,A12,index_8nt_74,agccagcc,FRALAT_OR_LCL_18
3A,B1,index_9nt_74,cgtaacgca,FRALAT_OR_FIN_11
3A,B2,index_10nt_256,ggcgtattca,FRALAT_OR_FIN_19
3A,B3,index_8nt_75,ccagagcc,FRALAT_OR_PEM_7
3A,B4,index_9nt_75,gtctacgca,FRALAT_OR_PEM_15
3A,B5,index_10nt_260,cgaaccaaga,FRALAT_OR_FRL_3
3A,B6,index_8nt_76,ttatcgcc,FRALAT_OR_FRL_11
3A,B7,index_9nt_76,acgaccgca,FRALAT_OR_FRL_19
3A,B8,index_8nt_77,tcgatgcc,FRALAT_OR_DGC_7
3A,B9,index_9nt_77,agcctcgca,FRALAT_OR_DGC_15
3A,B10,index_10nt_262,acgtccaaga,FRALAT_OR_LCL_3
3A,B11,index_8nt_78,cagtatcc,FRALAT_OR_LCL_11
3A,B12,index_9nt_78,ccagtcgca,FRALAT_OR_LCL_19
3A,C1,index_8nt_79,actactcc,FRALAT_OR_FIN_12
3A,C2,index_9nt_79,tggcaggca,FRALAT_OR_FIN_20
3A,C3,index_10nt_264,atactcaaga,FRALAT_OR_PEM_8
3A,C4,index_8nt_80,ggacctcc,FRALAT_OR_PEM_16
3A,C5,index_9nt_80,gatacggca,FRALAT_OR_FRL_4
3A,C6,index_10nt_265,cagaagaaga,FRALAT_OR_FRL_12
3A,C7,index_8nt_81,ctcggtcc,FRALAT_OR_FRL_20
3A,C8,index_9nt_81,tccgctgca,FRALAT_OR_DGC_8
3A,C9,index_10nt_274,aggattaaga,FRALAT_OR_DGC_16
3A,C10,index_8nt_82,ggcgcagc,FRALAT_OR_LCL_4
3A,C11,index_9nt_82,cggtctgca,FRALAT_OR_LCL_12
3A,C12,index_10nt_290,agataagaga,FRALAT_OR_LCL_20
3A,D1,index_8nt_83,ccattagc,FRALAT_OR_FIN_13
3A,D2,index_9nt_83,cgcgcatca,FRALAT_OR_PEM_1
3A,D3,index_10nt_302,tatacggaga,FRALAT_OR_PEM_9
3A,D4,index_8nt_84,cgcaacgc,FRALAT_OR_PEM_17
3A,D5,index_9nt_84,ttgcgatca,FRALAT_OR_FRL_5
3A,D6,index_10nt_306,cgcgaataga,FRALAT_OR_FRL_13
3A,D7,index_8nt_85,atagacgc,FRALAT_OR_DGC_1
3A,D8,index_9nt_85,acttgatca,FRALAT_OR_DGC_9
3A,D9,index_10nt_312,ttcagctaga,FRALAT_OR_DGC_17
3A,D10,index_8nt_86,gcttacgc,FRALAT_OR_LCL_5
3A,D11,index_9nt_86,agagactca,FRALAT_OR_LCL_13
3A,D12,index_10nt_320,tcaacgacga,FRALAT_OR_AGR_1
3A,E1,index_8nt_87,gagaccgc,FRALAT_OR_FIN_14
3A,E2,index_9nt_87,gccggctca,FRALAT_OR_PEM_2
3A,E3,index_10nt_336,ctctgatcga,FRALAT_OR_PEM_10
3A,E4,index_8nt_88,gttccggc,FRALAT_OR_PEM_18
3A,E5,index_9nt_88,ctatgctca,FRALAT_OR_FRL_6
3A,E6,index_10nt_340,attggaagga,FRALAT_OR_FRL_14
3A,E7,index_8nt_89,aactcggc,FRALAT_OR_DGC_2
3A,E8,index_9nt_89,gagatctca,FRALAT_OR_DGC_10
3A,E9,index_10nt_345,caggttagga,FRALAT_OR_DGC_18
3A,E10,index_8nt_90,ctaactgc,FRALAT_OR_LCL_6
3A,E11,index_9nt_90,ggcaagtca,FRALAT_OR_LCL_14
3A,E12,index_8nt_91,atgcttgc,FRALAT_OR_AGR_2
3A,F1,index_9nt_91,ccgaattca,FRALAT_OR_FIN_15
3A,F2,index_10nt_355,atatgctgga,FRALAT_OR_PEM_3
3A,F3,index_8nt_92,cggcaatc,FRALAT_OR_PEM_11
3A,F4,index_9nt_92,gaatattca,FRALAT_OR_PEM_19
3A,F5,index_10nt_356,ggaatctgga,FRALAT_OR_FRL_7
3A,F6,index_8nt_93,ctctcatc,FRALAT_OR_FRL_15
3A,F7,index_10nt_357,agtcattgga,FRALAT_OR_DGC_3
3A,F8,index_8nt_94,ggttgatc,FRALAT_OR_DGC_11
3A,F9,index_10nt_363,tagcatatga,FRALAT_OR_DGC_19
3A,F10,index_8nt_95,catgactc,FRALAT_OR_LCL_7
3A,F11,index_9nt_95,ggctcaaga,FRALAT_OR_LCL_15
3A,F12,index_10nt_370,ttatatctga,FRALAT_OR_AGR_3
3A,G1,index_8nt_96,acggcctc,FRALAT_OR_FIN_16
3A,G2,index_10nt_371,ccagttctga,FRALAT_OR_PEM_4
3A,G3,index_8nt_97,attagctc,FRALAT_OR_PEM_12
3A,G4,index_9nt_97,aatcgaaga,FRALAT_OR_PEM_20
3A,G5,index_10nt_373,cggtccttga,FRALAT_OR_FRL_8
3A,G6,index_8nt_98,tgactctc,FRALAT_OR_FRL_16
3A,G7,index_9nt_98,ctcataaga,FRALAT_OR_DGC_4
3A,G8,index_10nt_376,acgccgttga,FRALAT_OR_DGC_12
3A,G9,index_8nt_99,gcgaattc,FRALAT_OR_DGC_20
3A,G10,index_9nt_99,gaggtaaga,FRALAT_OR_LCL_8
3A,G11,index_10nt_379,tgcggcaata,FRALAT_OR_LCL_16
3A,G12,index_8nt_100,gattcaag,FRALAT_OR_AGR_4
3A,H1,index_9nt_100,cgaaccaga,FRALAT_OR_FIN_17
3A,H2,index_10nt_402,gccgacgata,FRALAT_OR_PEM_5
3A,H3,index_8nt_101,ctaataag,FRALAT_OR_PEM_13
3A,H4,index_9nt_101,gtccgcaga,FRALAT_OR_FRL_1
3A,H5,index_10nt_412,tataactata,FRALAT_OR_FRL_9
3A,H6,index_8nt_102,acgagcag,FRALAT_OR_FRL_17
3A,H7,index_9nt_102,cctggcaga,FRALAT_OR_DGC_5
3A,H8,index_10nt_420,ccgcctacta,FRALAT_OR_DGC_13
3A,H9,index_8nt_103,ggcggcag,FRALAT_OR_LCL_1
3A,H10,index_9nt_103,aacttcaga,FRALAT_OR_LCL_9
3A,H11,index_10nt_422,tgagtaccta,FRALAT_OR_LCL_17
3A,H12,index_8nt_104,tctacgag,FRALAT_OR_AGR_5
4A,A1,index_9nt_104,acgaagaga,FRALAT_OR_AGR_6
4A,A2,index_10nt_423,ctaaggccta,FRALAT_OR_AGR_14
4A,A3,index_9nt_105,ggtcagaga,FRALAT_OR_EMI_2
4A,A4,index_10nt_426,cctatagcta,FRALAT_OR_EMI_10
4A,A5,index_8nt_106,aaccggag,FRALAT_OR_EMI_18
4A,A6,index_9nt_106,caatggaga,FRALAT_CA_BRC_6
4A,A7,index_10nt_429,caaggatcta,FRALAT_CA_BRC_14
4A,A8,index_8nt_107,cgatatag,FRALAT_CA_PIT_2
4A,A9,index_9nt_107,taagataga,FRALAT_CA_PIT_10
4A,A10,index_10nt_431,cgcctatcta,FRALAT_CA_PIT_18
4A,A11,index_8nt_108,actcttag,FRALAT_WA_MP2_6
4A,A12,index_9nt_108,acttctaga,FRALAT_WA_MP2_14
4A,B1,index_10nt_432,tcctactcta,FRALAT_OR_AGR_7
4A,B2,index_8nt_109,cggagacg,FRALAT_OR_AGR_15
4A,B3,index_9nt_109,agacttaga,FRALAT_OR_EMI_3
4A,B4,index_10nt_433,ttggtctcta,FRALAT_OR_EMI_11
4A,B5,index_8nt_110,gtctgacg,FRALAT_OR_EMI_19
4A,B6,index_9nt_110,aggatacga,FRALAT_CA_BRC_7
4A,B7,index_10nt_435,agaccgtcta,FRALAT_CA_BRC_15
4A,B8,index_8nt_111,accatacg,FRALAT_CA_PIT_3
4A,B9,index_9nt_111,taactacga,FRALAT_CA_PIT_11
4A,B10,index_10nt_440,agcgatagta,FRALAT_CA_PIT_19
4A,B11,index_8nt_112,gaagtacg,FRALAT_WA_MP2_7
4A,B12,index_9nt_112,tattaccga,FRALAT_WA_MP2_15
4A,C1,index_10nt_441,ctacttagta,FRALAT_OR_AGR_8
4A,C2,index_8nt_113,ggtaaccg,FRALAT_OR_AGR_16
4A,C3,index_9nt_113,cgcgtccga,FRALAT_OR_EMI_4
4A,C4,index_10nt_446,taagccggta,FRALAT_OR_EMI_12
4A,C5,index_8nt_114,ctggtccg,FRALAT_OR_EMI_20
4A,C6,index_9nt_114,gacgagcga,FRALAT_CA_BRC_8
4A,C7,index_10nt_447,gtcgctggta,FRALAT_CA_BRC_16
4A,C8,index_8nt_115,atgaagcg,FRALAT_CA_PIT_4
4A,C9,index_9nt_115,cgttcgcga,FRALAT_CA_PIT_12
4A,C10,index_10nt_448,tggtctggta,FRALAT_CA_PIT_20
4A,C11,index_8nt_116,agttcgcg,FRALAT_WA_MP2_8
4A,C12,index_9nt_116,tctaggcga,FRALAT_WA_MP2_16
4A,D1,index_10nt_449,cgcattggta,FRALAT_OR_AGR_9
4A,D2,index_8nt_117,catatgcg,FRALAT_OR_AGR_17
4A,D3,index_9nt_117,atgcggcga,FRALAT_OR_EMI_5
4A,D4,index_10nt_451,tccgcgatta,FRALAT_OR_EMI_13
4A,D5,index_8nt_118,gttgaagg,FRALAT_CA_BRC_1
4A,D6,index_9nt_118,atctatcga,FRALAT_CA_BRC_9
4A,D7,index_10nt_453,tgccgactta,FRALAT_CA_BRC_17
4A,D8,index_8nt_119,tcctcagg,FRALAT_CA_PIT_5
4A,D9,index_9nt_119,ctaagtcga,FRALAT_CA_PIT_13
4A,D10,index_10nt_456,gttgcgctta,FRALAT_WA_MP2_1
4A,D11,index_8nt_120,cgtctagg,FRALAT_WA_MP2_9
4A,D12,index_9nt_120,gttgaagga,FRALAT_WA_MP2_17
4A,E1,index_10nt_457,cctcggctta,FRALAT_OR_AGR_10
4A,E2,index_8nt_121,agaaccgg,FRALAT_OR_AGR_18
4A,E3,index_9nt_121,cagagagga,FRALAT_OR_EMI_6
4A,E4,index_10nt_458,tcattgctta,FRALAT_OR_EMI_14
4A,E5,index_8nt_122,aatggcgg,FRALAT_CA_BRC_2
4A,E6,index_9nt_122,cgtctagga,FRALAT_CA_BRC_10
4A,E7,index_10nt_459,ggacctctta,FRALAT_CA_BRC_18
4A,E8,index_8nt_123,gtattcgg,FRALAT_CA_PIT_6
4A,E9,index_9nt_123,tacggcgga,FRALAT_CA_PIT_14
4A,E10,index_10nt_460,acgtctctta,FRALAT_WA_MP2_2
4A,E11,index_8nt_124,cagcctgg,FRALAT_WA_MP2_10
4A,E12,index_9nt_124,agatgcgga,FRALAT_WA_MP2_18
4A,F1,index_10nt_461,ggagaagtta,FRALAT_OR_AGR_11
4A,F2,index_8nt_125,atcgctgg,FRALAT_OR_AGR_19
4A,F3,index_9nt_125,gctatcgga,FRALAT_OR_EMI_7
4A,F4,index_10nt_462,ctaaccgtta,FRALAT_OR_EMI_15
4A,F5,index_8nt_126,tgagttgg,FRALAT_CA_BRC_3
4A,F6,index_10nt_464,ttcttcgtta,FRALAT_CA_BRC_11
4A,F7,index_8nt_127,taaccatg,FRALAT_CA_BRC_19
4A,F8,index_9nt_127,agccaatga,FRALAT_CA_PIT_7
4A,F9,index_10nt_465,actacggtta,FRALAT_CA_PIT_15
4A,F10,index_8nt_128,acctactg,FRALAT_WA_MP2_3
4A,F11,index_9nt_128,tcataatga,FRALAT_WA_MP2_11
4A,F12,index_10nt_466,gaactggtta,FRALAT_WA_MP2_19
4A,G1,index_9nt_129,ttcaactga,FRALAT_OR_AGR_12
4A,G2,index_10nt_467,ttcaaccaac,FRALAT_OR_AGR_20
4A,G3,index_8nt_130,gttacttg,FRALAT_OR_EMI_8
4A,G4,index_9nt_130,atgacttga,FRALAT_OR_EMI_16
4A,G5,index_10nt_468,aaggaccaac,FRALAT_CA_BRC_4
4A,G6,index_8nt_131,agcgtaat,FRALAT_CA_BRC_12
4A,G7,index_9nt_131,cggcgttga,FRALAT_CA_BRC_20
4A,G8,index_10nt_469,ggaggccaac,FRALAT_CA_PIT_8
4A,G9,index_8nt_132,cagttaat,FRALAT_CA_PIT_16
4A,G10,index_9nt_132,gaaccaata,FRALAT_WA_MP2_4
4A,G11,index_10nt_472,gtctcgcaac,FRALAT_WA_MP2_12
4A,G12,index_8nt_133,acttccat,FRALAT_WA_MP2_20
4A,H1,index_9nt_133,agcagaata,FRALAT_OR_AGR_13
4A,H2,index_10nt_473,ctacggcaac,FRALAT_OR_EMI_1
4A,H3,index_8nt_134,gcgcggat,FRALAT_OR_EMI_9
4A,H4,index_9nt_134,tggctaata,FRALAT_OR_EMI_17
4A,H5,index_8nt_135,cgtcgtat,FRALAT_CA_BRC_5
4A,H6,index_9nt_135,ccattaata,FRALAT_CA_BRC_13
4A,H7,index_10nt_482,agccaagaac,FRALAT_CA_PIT_1
4A,H8,index_8nt_136,acgtaact,FRALAT_CA_PIT_9
4A,H9,index_9nt_136,ttgaccata,FRALAT_CA_PIT_17
4A,H10,index_10nt_484,ttggcagaac,FRALAT_WA_MP2_5
4A,H11,index_8nt_137,gttatact,FRALAT_WA_MP2_13
4A,H12,index_9nt_137,aatgccata,FRALAT_WA_LIP_1
5A,A1,index_8nt_138,ctctagct,FRALAT_WA_LIP_2
5A,A2,index_9nt_138,ggaggcata,FRALAT_WA_LIP_10
5A,A3,index_10nt_496,aagccataac,FRALAT_WA_LIP_18
5A,A4,index_8nt_139,tggcatct,FRALAT_OR_ULC_6
5A,A5,index_9nt_139,aaccagata,FRALAT_OR_ULC_14
5A,A6,index_10nt_499,actaactaac,FRALAT_BC_DUN_2
5A,A7,index_8nt_140,gaatgagt,FRALAT_BC_DUN_10
5A,A8,index_9nt_140,cttccgata,FRALAT_BC_DUN_18
5A,A9,index_10nt_501,tagagctaac,FRALAT_WA_MRY_6
5A,A10,index_8nt_141,gccgtcgt,FRALAT_WA_MRY_14
5A,A11,index_9nt_141,tcagcgata,FRALAT_WA_RDL_8
5A,A12,index_10nt_506,gtatcaagac,FRALAT_WA_RDL_16
5A,B1,index_8nt_142,ccggcggt,FRALAT_WA_LIP_3
5A,B2,index_9nt_142,aggtcgata,FRALAT_WA_LIP_11
5A,B3,index_10nt_509,attagcagac,FRALAT_WA_LIP_19
5A,B4,index_8nt_143,actatggt,FRALAT_OR_ULC_7
5A,B5,index_9nt_143,gcgcggata,FRALAT_OR_ULC_15
5A,B6,index_10nt_512,cgtcggagac,FRALAT_BC_DUN_3
5A,B7,index_8nt_144,agaagatt,FRALAT_BC_DUN_11
5A,B8,index_9nt_144,gtcttgata,FRALAT_BC_DUN_19
5A,B9,index_10nt_524,tactatcgac,FRALAT_WA_MRY_7
5A,B10,index_9nt_145,gataatata,FRALAT_WA_RDL_1
5A,B11,index_10nt_532,tccgttggac,FRALAT_WA_RDL_9
5A,B12,index_8nt_146,ggatcctt,FRALAT_WA_RDL_17
5A,C1,index_9nt_146,tcgtatata,FRALAT_WA_LIP_4
5A,C2,index_10nt_538,aacctctgac,FRALAT_WA_LIP_12
5A,C3,index_8nt_147,caacgctt,FRALAT_WA_LIP_20
5A,C4,index_9nt_147,ctcggtata,FRALAT_OR_ULC_8
5A,C5,index_10nt_565,ttaatggtac,FRALAT_OR_ULC_16
5A,C6,index_8nt_148,ggtcagtt,FRALAT_BC_DUN_4
5A,C7,index_9nt_148,ttatgacta,FRALAT_BC_DUN_12
5A,C8,index_10nt_566,ttcggattac,FRALAT_BC_DUN_20
5A,C9,index_8nt_149,attgcgtt,FRALAT_WA_MRY_8
5A,C10,index_9nt_149,gttctacta,FRALAT_WA_RDL_2
5A,C11,index_10nt_567,taagacttac,FRALAT_WA_RDL_10
5A,C12,index_9nt_150,catagccta,FRALAT_WA_RDL_18
5A,D1,index_10nt_568,agttagttac,FRALAT_WA_LIP_5
5A,D2,index_9nt_151,gaattccta,FRALAT_WA_LIP_13
5A,D3,index_10nt_570,atatccaacc,FRALAT_OR_ULC_1
5A,D4,index_9nt_152,agtcatcta,FRALAT_OR_ULC_9
5A,D5,index_10nt_600,tcagcgtacc,FRALAT_OR_ULC_17
5A,D6,index_9nt_153,gcctctcta,FRALAT_BC_DUN_5
5A,D7,index_9nt_154,tgcattcta,FRALAT_BC_DUN_13
5A,D8,index_10nt_606,cagataagcc,FRALAT_WA_MRY_1
5A,D9,index_9nt_155,aaggttcta,FRALAT_WA_MRY_9
5A,D10,index_10nt_610,ccttctagcc,FRALAT_WA_RDL_3
5A,D11,index_9nt_156,ccttccgta,FRALAT_WA_RDL_11
5A,D12,index_10nt_615,tctcgccgcc,FRALAT_WA_RDL_19
5A,E1,index_9nt_157,atagaggta,FRALAT_WA_LIP_6
5A,E2,index_10nt_622,ccaggtcgcc,FRALAT_WA_LIP_14
5A,E3,index_9nt_158,cagtaggta,FRALAT_OR_ULC_2
5A,E4,index_10nt_623,taacttcgcc,FRALAT_OR_ULC_10
5A,E5,index_9nt_159,cgctactta,FRALAT_OR_ULC_18
5A,E6,index_10nt_631,ttctctggcc,FRALAT_BC_DUN_6
5A,E7,index_9nt_160,attcgctta,FRALAT_BC_DUN_14
5A,E8,index_10nt_632,gctgactgcc,FRALAT_WA_MRY_2
5A,E9,index_9nt_161,accatctta,FRALAT_WA_MRY_10
5A,E10,index_10nt_633,ctctactgcc,FRALAT_WA_RDL_4
5A,E11,index_9nt_162,aagaggtta,FRALAT_WA_RDL_12
5A,E12,index_10nt_634,aattcctgcc,FRALAT_WA_RDL_20
5A,F1,index_9nt_163,ggttggtta,FRALAT_WA_LIP_7
5A,F2,index_10nt_635,agagtctgcc,FRALAT_WA_LIP_15
5A,F3,index_9nt_164,gcgaccaac,FRALAT_OR_ULC_3
5A,F4,index_10nt_637,tgcgattgcc,FRALAT_OR_ULC_11
5A,F5,index_9nt_165,ttacgcaac,FRALAT_OR_ULC_19
5A,F6,index_10nt_639,tctgccatcc,FRALAT_BC_DUN_7
5A,F7,index_9nt_166,gactgcaac,FRALAT_BC_DUN_15
5A,F8,index_10nt_641,ctgctcatcc,FRALAT_WA_MRY_3
5A,F9,index_10nt_643,agattgatcc,FRALAT_WA_MRY_11
5A,F10,index_9nt_168,cgtaagaac,FRALAT_WA_RDL_5
5A,F11,index_10nt_645,aatattatcc,FRALAT_WA_RDL_13
5A,F12,index_9nt_169,gtcgagaac,FRALAT_CA_ASH_1
5A,G1,index_10nt_646,atggaactcc,FRALAT_WA_LIP_8
5A,G2,index_9nt_170,caaccgaac,FRALAT_WA_LIP_16
5A,G3,index_10nt_647,taataactcc,FRALAT_OR_ULC_4
5A,G4,index_9nt_171,atgaggaac,FRALAT_OR_ULC_12
5A,G5,index_10nt_650,tggcggctcc,FRALAT_OR_ULC_20
5A,G6,index_9nt_172,gctctgaac,FRALAT_BC_DUN_8
5A,G7,index_10nt_651,cgcagtctcc,FRALAT_BC_DUN_16
5A,G8,index_9nt_173,tgattgaac,FRALAT_WA_MRY_4
5A,G9,index_9nt_174,acggataac,FRALAT_WA_MRY_12
5A,G10,index_10nt_655,taggcggtcc,FRALAT_WA_RDL_6
5A,G11,index_9nt_175,tggcctaac,FRALAT_WA_RDL_14
5A,G12,index_10nt_656,gacttggtcc,FRALAT_CA_ASH_2
5A,H1,index_9nt_176,cttgctaac,FRALAT_WA_LIP_9
5A,H2,index_10nt_658,gtattattcc,FRALAT_WA_LIP_17
5A,H3,index_9nt_177,ccaattaac,FRALAT_OR_ULC_5
5A,H4,index_10nt_659,tgcttcttcc,FRALAT_OR_ULC_13
5A,H5,index_9nt_178,ctataagac,FRALAT_BC_DUN_1
5A,H6,index_10nt_661,gtcgcgttcc,FRALAT_BC_DUN_9
5A,H7,index_9nt_179,tctccagac,FRALAT_BC_DUN_17
5A,H8,index_10nt_662,gttcgcaagc,FRALAT_WA_MRY_5
5A,H9,index_9nt_180,accggagac,FRALAT_WA_MRY_13
5A,H10,index_10nt_663,ccattcaagc,FRALAT_WA_RDL_7
5A,H11,index_9nt_181,gttatagac,FRALAT_WA_RDL_15
5A,H12,index_10nt_666,cgcaataagc,FRALAT_CA_ASH_3
6A,A1,index_9nt_182,agtcgcgac,FRALAT_CA_ASH_4
6A,A2,index_10nt_667,gaggctaagc,FRALAT_OR_YIH_2
6A,A3,index_9nt_183,ctcctcgac,FRALAT_OR_YIH_10
6A,A4,index_10nt_668,agacgtaagc,FRALAT_OR_YIH_18
6A,A5,index_9nt_184,acgttcgac,FRAAME_OH_MBR_2
6A,A6,index_10nt_669,ggtccgcagc,FRAPEN_IL_MAN_4
6A,A7,index_9nt_185,gattaggac,RI_ME_04
6A,A8,index_10nt_670,actaggcagc,RI_PP_09
6A,A9,index_9nt_186,ttagcggac,RI_PB_05
6A,A10,index_10nt_675,tggctagagc,RI_ME_08
6A,A11,index_9nt_187,agctcggac,
6A,A12,index_10nt_676,gatgacgagc,
6A,B1,index_9nt_188,tagctggac,FRALAT_CA_ASH_5
6A,B2,index_10nt_679,aggacggagc,FRALAT_OR_YIH_3
6A,B3,index_9nt_189,gaggctgac,FRALAT_OR_YIH_11
6A,B4,index_10nt_685,gcatggtagc,FRALAT_OR_YIH_19
6A,B5,index_9nt_190,agagttgac,FRAAME_OH_MBR_3
6A,B6,index_10nt_692,gtctagacgc,FRAPEN_IL_MAN_5
6A,B7,index_9nt_191,tgcagatac,RI_ME_05
6A,B8,index_10nt_694,tatctgacgc,RI_PP_01
6A,B9,index_9nt_192,gaagtatac,RI_PB_03
6A,B10,index_10nt_696,tgcggtacgc,RI_PP_04
6A,B11,index_9nt_193,cgagcctac,
6A,B12,index_10nt_702,ttgaagccgc,
6A,C1,index_9nt_194,cctagctac,FRALAT_CA_ASH_6
6A,C2,index_10nt_710,ccggcagcgc,FRALAT_OR_YIH_4
6A,C3,index_9nt_195,aggcagtac,FRALAT_OR_YIH_12
6A,C4,index_10nt_712,agcaacgcgc,FRALAT_OR_YIH_20
6A,C5,index_9nt_196,ttgaattac,FRAAME_OH_MBR_4
6A,C6,index_10nt_713,gcaaccgcgc,FRAPEN_IL_MAN_6
6A,C7,index_9nt_197,taatcttac,RI_ME_09
6A,C8,index_10nt_717,gaatatgcgc,RI_PP_07
6A,C9,index_9nt_198,atccgttac,RI_PB_09
6A,C10,index_10nt_724,tacgcgtcgc,RI_PP_08
6A,C11,index_9nt_199,aagccaacc,
6A,C12,index_10nt_725,acgtcttcgc,
6A,D1,index_9nt_200,ccttcaacc,FRALAT_CA_ASH_7
6A,D2,index_10nt_726,catggttcgc,FRALAT_OR_YIH_5
6A,D3,index_9nt_201,cgaagaacc,FRALAT_OR_YIH_13
6A,D4,index_10nt_727,ttacgaaggc,FRANIG_WI_IAT_1
6A,D5,index_9nt_202,attggaacc,FRAAME_OH_MBR_5
6A,D6,index_10nt_730,gaagtcaggc,FRAPEN_IL_MAN_7
6A,D7,index_9nt_203,tatataacc,RI_ME_03
6A,D8,index_10nt_734,atccgccggc,RI_PP_05
6A,D9,index_9nt_204,gtattaacc,RI_PB_10
6A,D10,index_10nt_735,catatccggc,RI_ME_10
6A,D11,index_9nt_205,accgcgacc,
6A,D12,index_10nt_736,tatgagcggc,
6A,E1,index_9nt_206,atcaatacc,FRALAT_CA_ASH_8
6A,E2,index_10nt_738,gcctctcggc,FRALAT_OR_YIH_6
6A,E3,index_9nt_207,agatctacc,FRALAT_OR_YIH_14
6A,E4,index_10nt_739,cgaagatggc,FRANIG_WI_IAT_2
6A,E5,index_9nt_208,gagagtacc,FRAAME_OH_MBR_6
6A,E6,index_10nt_740,ggagcttggc,FRAPEN_IL_MAN_8
6A,E7,index_9nt_209,ttggttacc,RI_ME_07
6A,E8,index_10nt_743,gcgcggatgc,RI_PP_03
6A,E9,index_10nt_744,ttgattatgc,RI_PB_07
6A,E10,index_9nt_211,gcgtaagcc,RI_PB_08
6A,E11,index_10nt_745,gcgttactgc,
6A,E12,index_9nt_212,catcgagcc,
6A,F1,index_10nt_747,ggtagcctgc,FRALAT_CA_ASH_9
6A,F2,index_9nt_213,aaggacgcc,FRALAT_OR_YIH_7
6A,F3,index_10nt_748,ttagcgctgc,FRALAT_OR_YIH_15
6A,F4,index_9nt_214,ggaaccgcc,FRANIG_WI_IAT_3
6A,F5,index_10nt_749,catcctctgc,FRAAME_OH_MBR_7
6A,F6,index_9nt_215,ctgaaggcc,FRAPEN_IL_MAN_9
6A,F7,index_10nt_751,aaccaattgc,RI_ME_02
6A,F8,index_9nt_216,gccatggcc,RI_PP_06
6A,F9,index_10nt_752,gattcattgc,RI_PB_01
6A,F10,index_9nt_217,cgactggcc,
6A,F11,index_10nt_753,atctccttgc,
6A,F12,index_9nt_218,actcatgcc,
6A,G1,index_10nt_754,tcaagcttgc,FRALAT_CA_ASH_10
6A,G2,index_9nt_219,ggtccatcc,FRALAT_OR_YIH_8
6A,G3,index_10nt_756,atgaggttgc,FRALAT_OR_YIH_16
6A,G4,index_9nt_220,acgatatcc,FRANIG_WI_IAT_4
6A,G5,index_10nt_758,tggtccaatc,FRAAME_OH_MBR_8
6A,G6,index_9nt_221,gttaactcc,FRAPEN_IL_MAN_10
6A,G7,index_10nt_765,gagaatcatc,RI_ME_01
6A,G8,index_9nt_222,atctcctcc,RI_PP_10
6A,G9,index_10nt_768,ctcctagatc,RI_PB_02
6A,G10,index_9nt_223,gaacgctcc,
6A,G11,index_10nt_769,tcttacgatc,
6A,G12,index_10nt_770,aatatggatc,
6A,H1,index_9nt_225,cggttctcc,FRALAT_OR_YIH_1
6A,H2,index_10nt_773,tattgatatc,FRALAT_OR_YIH_9
6A,H3,index_9nt_226,caagagtcc,FRALAT_OR_YIH_17
6A,H4,index_10nt_774,ggcatatatc,FRANIG_WI_IAT_5
6A,H5,index_9nt_227,ccgccgtcc,FRAAME_OH_MBR_10
6A,H6,index_10nt_776,acttcgtatc,FRAPEN_IL_MAN_11
6A,H7,index_9nt_228,tcaaggtcc,RI_ME_06
6A,H8,index_10nt_783,gaccatactc,RI_PP_02
6A,H9,index_9nt_229,cgccattcc,RI_PB_06
6A,H10,index_10nt_784,ttatatactc,
6A,H11,index_9nt_230,ctaacttcc,
6A,H12,index_9nt_231,agtagttcc,